model,acc_mean,acc_std,f1_mean
MLP (CSP),1.0,0.0,1.0
LDA (CSP),0.9666666666666668,0.06666666666666665,0.9657142857142859
RandomForest (CSP),0.9666666666666668,0.06666666666666665,0.9657142857142859
SVM-rbf (CSP),0.9333333333333333,0.08164965809277258,0.9333333333333333
