model,acc_mean,acc_std
EEGNet,0.7265625,0.040745015032516554
DeepConvNet,0.6296875,0.032625957840345464
ShallowConvNet,0.3546875,0.032249636625859834
