model,acc_mean,acc_std
EEGNet,0.759375,0.025387620014487376
DeepConvNet,0.6109375,0.03871722404176209
ShallowConvNet,0.375,0.027510651346342202
