fold,accuracy,mean_accuracy
1,0.6666666666666666,0.7666666666666667
2,0.8333333333333334,0.7666666666666667
3,0.6666666666666666,0.7666666666666667
4,0.8333333333333334,0.7666666666666667
5,0.8333333333333334,0.7666666666666667
