fold,accuracy,mean_accuracy
1,0.6666666666666666,0.7
2,0.6666666666666666,0.7
3,0.8333333333333334,0.7
4,0.6666666666666666,0.7
5,0.6666666666666666,0.7
