model,fold,accuracy
DeepConvNet,1,0.6666666666666666
DeepConvNet,2,0.8333333333333334
DeepConvNet,3,0.6666666666666666
DeepConvNet,4,0.8333333333333334
DeepConvNet,5,0.6666666666666666
EEGNet,1,0.8333333333333334
EEGNet,2,0.5
EEGNet,3,0.8333333333333334
EEGNet,4,1.0
EEGNet,5,0.5
ShallowConvNet,1,0.6666666666666666
ShallowConvNet,2,0.6666666666666666
ShallowConvNet,3,0.8333333333333334
ShallowConvNet,4,0.8333333333333334
ShallowConvNet,5,0.5
