fold,accuracy,mean_accuracy
1,0.6666666666666666,0.5999999999999999
2,0.5,0.5999999999999999
3,0.6666666666666666,0.5999999999999999
4,0.6666666666666666,0.5999999999999999
5,0.5,0.5999999999999999
