model,acc_mean,acc_std,f1_mean
EEGNet (k-fold),0.546875,0.07228145941387736,
LDA (CSP),0.2609375,0.03029799910885206,0.25504499776095163
RandomForest (CSP),0.25,0.033874192794810624,0.24694296876328115
MLP (CSP),0.2234375,0.04571480886977435,0.22230255371955976
SVM-rbf (CSP),0.2109375,0.01976423537605237,0.19565272471968867
