{
    "ESS_CE": 39.30438995361328,
    "ESS_CE_ICRR": 32.250518798828125
}