{
    "t_acc": 8.33384153906266,
    "p_acc": 0.0011329010241955973,
    "cohens_d_acc": 3.7270072390111157,
    "ci_acc": [
        0.09169144938438134,
        0.18330855061561868
    ],
    "t_ess": 40.983131881668236,
    "p_ess": 2.1184043342593896e-06,
    "cohens_d_ess": 18.328213763649806,
    "ci_ess": [
        25.32049318729476,
        29.000527511252606
    ]
}