{
    "accuracy_test": {
        "t_stat": -1.2050425965809126,
        "p_value": 0.24816183816870102,
        "cohens_d": -0.3111406605352278,
        "confidence_interval": [
            -0.05646556190996141,
            0.01584056190996141
        ]
    },
    "ess_test": {
        "t_stat": 16.253671012344356,
        "p_value": 1.7518908101505952e-10,
        "cohens_d": 4.196679809702929,
        "confidence_interval": [
            11.921363515304161,
            15.545857299718627
        ]
    }
}