{
    "seeds": [
        42,
        7,
        123
    ],
    "ESS_CE_mean": 40.4669189453125,
    "ESS_CE_std": 0.5870493054389954,
    "ESS_ICRR_mean": 32.842620849609375,
    "ESS_ICRR_std": 0.3632948398590088,
    "ESS_reduction_percent": 18.840816497802734,
    "global_ESS_CE": 43.151039123535156,
    "global_ESS_ICRR": 34.5921630859375
}