{
    "ESS_CE_mean_fold": 41.66569900512695,
    "ESS_ICRR_mean_fold": 31.889820098876953,
    "ESS_CE_global": 44.00046920776367,
    "ESS_ICRR_global": 33.852081298828125
}