lambda,mean_acc,std_acc,mean_ess,std_ess
0.0,0.6203125,0.051015086616607835,32.934104919433594,1.8515979051589966
0.1,0.7296875,0.03684320663297374,9.685302734375,0.4597890377044678
0.5,0.7578125,0.02209708691207961,5.773594856262207,0.6215599179267883
1.0,0.66875,0.045177600921253,4.18705415725708,0.35634541511535645
