{
    "0.0": {
        "mean_acc": 0.6515625,
        "std_acc": 0.05574133434146213,
        "mean_ess": 32.156776428222656,
        "std_ess": 3.4579226970672607
    },
    "0.1": {
        "mean_acc": 0.64375,
        "std_acc": 0.056032565865753454,
        "mean_ess": 25.185659408569336,
        "std_ess": 1.8822438716888428
    },
    "0.5": {
        "mean_acc": 0.63125,
        "std_acc": 0.034375,
        "mean_ess": 18.423168182373047,
        "std_ess": 1.400160551071167
    },
    "1.0": {
        "mean_acc": 0.6364583333333333,
        "std_acc": 0.019941864290704842,
        "mean_ess": 16.06997299194336,
        "std_ess": 1.2782343626022339
    }
}