{
    "0.0": {
        "fold_acc": [
            0.7734375,
            0.640625,
            0.6171875,
            0.671875,
            0.6171875,
            0.75,
            0.5546875,
            0.6484375,
            0.609375,
            0.6640625,
            0.6953125,
            0.6640625,
            0.6328125,
            0.65625,
            0.578125
        ],
        "fold_ess": [
            29.080293655395508,
            32.22406768798828,
            35.21099853515625,
            28.454586029052734,
            38.562156677246094,
            29.55596160888672,
            37.12390899658203,
            31.781078338623047,
            33.766666412353516,
            31.477731704711914,
            27.011919021606445,
            34.01551055908203,
            36.04087829589844,
            30.83170509338379,
            27.214244842529297
        ]
    },
    "0.1": {
        "fold_acc": [
            0.75,
            0.6328125,
            0.578125,
            0.6171875,
            0.6015625,
            0.7578125,
            0.5703125,
            0.6796875,
            0.6328125,
            0.6171875,
            0.65625,
            0.59375,
            0.7109375,
            0.6484375,
            0.609375
        ],
        "fold_ess": [
            22.29620933532715,
            25.179981231689453,
            28.90609359741211,
            23.903518676757812,
            26.084991455078125,
            23.957843780517578,
            25.91054344177246,
            24.032333374023438,
            26.38766860961914,
            23.49831771850586,
            26.370561599731445,
            27.55204963684082,
            25.665931701660156,
            26.352827072143555,
            21.686012268066406
        ]
    },
    "0.5": {
        "fold_acc": [
            0.6015625,
            0.6015625,
            0.671875,
            0.625,
            0.578125,
            0.6328125,
            0.6328125,
            0.609375,
            0.6171875,
            0.6640625,
            0.6328125,
            0.6640625,
            0.65625,
            0.703125,
            0.578125
        ],
        "fold_ess": [
            18.038339614868164,
            17.780305862426758,
            18.76140594482422,
            18.455244064331055,
            20.444171905517578,
            19.142353057861328,
            20.413665771484375,
            16.10531997680664,
            18.133930206298828,
            16.582387924194336,
            19.098407745361328,
            17.612865447998047,
            18.884328842163086,
            20.68294906616211,
            16.211875915527344
        ]
    },
    "1.0": {
        "fold_acc": [
            0.640625,
            0.59375,
            0.65625,
            0.671875,
            0.6171875,
            0.6484375,
            0.640625,
            0.640625,
            0.609375,
            0.6328125,
            0.640625,
            0.6484375,
            0.6484375,
            0.6484375,
            0.609375
        ],
        "fold_ess": [
            16.34467887878418,
            15.534927368164062,
            15.009516716003418,
            15.430519104003906,
            17.439090728759766,
            17.649532318115234,
            17.776382446289062,
            13.932075500488281,
            15.745214462280273,
            14.896594047546387,
            18.065635681152344,
            15.783116340637207,
            15.625495910644531,
            17.483869552612305,
            14.332962989807129
        ]
    }
}