{
    "0.0": {
        "mean_acc": 0.6203125,
        "std_acc": 0.051015086616607835,
        "mean_ess": 32.934104919433594,
        "std_ess": 1.8515979051589966
    },
    "0.1": {
        "mean_acc": 0.7296875,
        "std_acc": 0.03684320663297374,
        "mean_ess": 9.685302734375,
        "std_ess": 0.4597890377044678
    },
    "0.5": {
        "mean_acc": 0.7578125,
        "std_acc": 0.02209708691207961,
        "mean_ess": 5.773594856262207,
        "std_ess": 0.6215599179267883
    },
    "1.0": {
        "mean_acc": 0.66875,
        "std_acc": 0.045177600921253,
        "mean_ess": 4.18705415725708,
        "std_ess": 0.35634541511535645
    }
}