{
    "0.0": {
        "fold_acc": [
            0.6484375,
            0.6796875,
            0.6015625,
            0.640625,
            0.53125
        ],
        "fold_ess": [
            32.377593994140625,
            33.56821823120117,
            29.601890563964844,
            34.68463134765625,
            34.43819046020508
        ]
    },
    "0.1": {
        "fold_acc": [
            0.765625,
            0.703125,
            0.671875,
            0.765625,
            0.7421875
        ],
        "fold_ess": [
            8.968575477600098,
            9.36783218383789,
            10.26684284210205,
            9.942501068115234,
            9.880762100219727
        ]
    },
    "0.5": {
        "fold_acc": [
            0.7734375,
            0.78125,
            0.765625,
            0.75,
            0.71875
        ],
        "fold_ess": [
            5.105218887329102,
            6.2725419998168945,
            4.936595439910889,
            6.397211074829102,
            6.156405448913574
        ]
    },
    "1.0": {
        "fold_acc": [
            0.6953125,
            0.5859375,
            0.6796875,
            0.6640625,
            0.71875
        ],
        "fold_ess": [
            4.159202575683594,
            3.9165048599243164,
            3.742438316345215,
            4.767390251159668,
            4.349732875823975
        ]
    }
}